Country,City,Business Name,Address,Website,Email,Phone Number
USA,New York,Originate," 10 Crosby Street, 2nd Floor, New York, NY 10013",https://www.originate.com,hello@originate.com,(800) 352-2292
USA,New York,Awesome," 55 Broadway, 3rd floor New York, NY 10006",https://awesomenyc.com,hello@awesomenyc.com,(917) 397-5340
USA,Charlotte,Signature W Studio," 2500 Distribution Street, Suite 2, Charlotte, NC 28203",https://signaturewstudio.com,bill@signaturewstudio.com,(704) (648) 2995
USA,Dallas,Thrive Internet Marketing," 3825 S Bowen Rd, Arlington, Texas 76016",https://thriveagency.com,sales@thriveagency.com,972-447-6355
USA,Austin,Handsome," 1000 e 6th, Austin, TX 78702",https://www.handsome.is,contact@handsome.is,5129001177
USA,"Dallas,Denver,Houston,Los Angeles,New York",9thWonder," 1201 San Jacinto Street #267, Houston, TX 77002, 4228 N Central Expy #200  Dallas, TX 75206, 2882 Wyandot Street  Denver, CO 80211, 8687 Melrose Ave # G300-9W  West Hollywood, CA 90069, 1204 Broadway  New York, NY 10001",https://www.9thwonder.com,newbusiness@9thwonder.com,"7138625100,800.994.1681,303.222.8045,310.752.4400,845.661.1012"
USA,Charlotte,Peaktwo," 100 Main Street, Suite 202, Fort Mill, SC 29715",https://www.peaktwo.com,info@peaktwo.com,8777037325
USA,"Miami,Dubai",Prototype Interactive," 1101 Brickell Avenue, South Tower, 8th Floor, Miami, Florida 33131, DMC 1, 205 Dubai Media City PO BOX 502204",https://prototype.net,info@prototype.net,"+1 305 7227197,+971 44465789"
USA,"Portland,Seattle,Vancouver",Massive Media," 811 SW Salmon St, Portland, OR 97205, 81 W Cordova St, Vancouver, BC V6B 1C8, Canada",https://engagemassive.com/?utm_source=DAN&utm_medium=directory&utm_campaign=DAN-Best-Vancouver,hello@engagemassive.com,"6042274343,+1 604 227-4343"
USA,"Boston,New York,San Francisco",Rocket Insights," 81 Prospect St. Brooklyn, NY, 11201 USA, 87 Summer St. Boston, MA, 02110 USA, 20 Inn St. Newburyport, MA, 01950 USA, 75 E Santa Clara St. San Jose, CA, 95113 USA, Avenija Dubrovnik 10, 10000 Zagreb, Croatia, Diagonal Pueyrredón 2970, 7600 Mar del Plata Argentina",http://www.rocketinsights.com,aloha@rocketinsights.com,"(925) 854 – 1970,(925) 854 – 1970,(925) 854 – 1970"
USA,Dallas,Redonk Marketing," 5000 Legacy Dr., Suite 495, Plano, TX 75024",http://www.redonkmarketing.com,info@redonkmarketing.com,9726081018
USA,Miami,Absolute Web Services," 2875 NE 191st St #404, Miami, FL 33180, 1925 Century Park E Los Angeles, CA 90067",https://www.absolutewebservices.com,info@absoluteweb.com,305 9372526
USA,"Los Angeles,San Francisco,Seattle",RNO1," 1601 Vine St, Los Angeles, 650 California Street, San Francisco, 800 Bellevue Way NE, Bellevue",https://www.rno1.com,la@rno1.com,"310.861.5885,650.268.9783,206.414.7467"
USA,Los Angeles,Akeo," 3225 Donald Douglas Loop South, Santa Monica, CA 90405",https://www.akeo.com,info@akeo.com,+1 3109287928
USA,Dallas,Atomic Design & Consulting," 8105 Rasor Boulevard, Suite 202 Plano, TX 75024",https://www.atomicdc.com,sales@atomicdc.com,972-668-3867
USA,Miami,The Story Room," 89 NE 27th Street Suite 111 Miami, Florida 33137",https://thestoryroom.com,hello@thestoryroom.com,+1 305-400-4282
USA,Seattle,Bilberrry," 111 S Jackson St, Seattle, WA 98104",https://bilberrry.com,info@bilberrry.com,(206) 8187436
USA,Boston,Brick Marketing," 101 Federal Street, Suite 1900, Boston, Massachusetts 02110, 66 Hanover St., Suite 200 Manchester, New Hampshire 03101",https://www.brickmarketing.com,info@brickmarketing.com,781-999-1222
USA,"Chicago,New York,Seattle",Blue Fountain Media," 102 Madison Avenue, New York, NY 10016, 14980 NE 31st Way, Suite 120 Redmond, WA 98052, 500 W Madison St, #1610 Chicago, IL 60661",https://www.bluefountainmedia.com/?utm_source=digitalagencynetwork.com&utm_medium=referral&utm_campaign=DAN-nyc,brianbyer@bluefountainmedia.com,(646) 798-1616
USA,Boston,CommCreative," 75 Fountain St, Framingham MA, Boston",https://www.commcreative.com,info@commcreative.com,877.620.6664
USA,"Vancouver,Los Angeles,Sydney",DIJGTAL," 416 West Pender St, Vancouver, BC V6B 1T5 CANADA, Suite 5, 30 Market St, Sydney, NSW 2000 AUSTRALIA, 16255 Ventura Blvd #505, Encino, CA 91436 UNITED STATES",https://dijgtal.com,vancouver@dijgtal.com,292647797
USA,"Atlanta,New York,San Francisco",Y Media Labs," 255 Shoreline Dr, Redwood City, CA 94065, United States, 165 Ottley Dr NE Suite 206, Atlanta, GA 30324, United States, 255 Shoreline Dr, Redwood City, CA 94065, United States, 101 W Ohio St #1180, Indianapolis, IN 46204, United States, 150 Old Airport Road, Diamond District, Tower B, Lower Ground Floor, Kodihalli, Bengaluru, Karnataka 560008, India",https://ymedialabs.com/?utm_source=DAN,business@ymedialabs.com,"+1-415-839-8584﻿,+1 415-839-8584,1 415-839-8584,1 415-839-8584,91 80 4110 6986"
USA,Boston,MESH Interactive Agency," 745 Atlantic Ave., Boston, MA 02111",https://www.meshagency.com,billschick@meshagency.com,844.432.8987
USA,"Montreal,Toronto,Chicago,Los Angeles,New York,London,Shanghai,Singapore",Bookmark," Bookmark Toronto, 60 Bloor St W #601, Toronto, ON, M4W 3B8, Canada, Av. Victor Andrés Belaúnde 147, Vía Principal 133, Torre Real 2, piso 14, San Isidro, 15073, Perú, The Griffin Building, 83 Clerkenwell Road, London, EC1R 5AR, UK, Building 50, Sunset Gower Studios, 1438 N Gower Street, Hollywood, CA, 90028, USA, 500 Rue Saint-Jacques, Suite 1510, Montreal, QC, H2Y 1S1, Canada, 3 Columbus Cir, 18th Floor, New York, NY, 10019, USA, Bookmark Santiago, Av. Pdte. Kennedy 5757, of. 1601-A, Las Condes, Región Metropolitana, Chile, Bookmark Shanghai, 2702, WPP Campus, 399 Hengfeng Road, Jing’an District, Shanghai, 200070, China, Bookmark Singapore, 50 Scotts Road, #04-01, Singapore, 228242,",https://bookmarkcontent.com,toronto@bookmarkcontent.com,"+1 416 350-2425,+51 993 637 106,+44 020 7734 2303,+1 888 350-2425,+1 514 844-2001, +1 646 278-6887,+56 2 2898 6800,+86 21 3325 6570,+65 6531 2682"
USA,"New York,San Francisco,London",Beyond," 236 W 27th St, 11th Floor
NY 10001, 75 Bermondsey Street SE1 3XF, 100 Montgomery Street CA 94104",https://bynd.com,business@bynd.com,"+1 347 460 5045,+44 (0)20 7908 6555,+1 415 944 1525"
USA,"London,Manchester,Boston,Dublin",Dept," 15-19 Bloomsbury Way
WC1A 2TH London, 87 Summer Street 02110 Boston, MA, 24 Earlsfort Terrace D02 KC42 Dublin, 9th Floor, Bridgewater House, Whitworth Street M1 6LT Manchester, Generaal Vetterstraat 66 1059 BW Amsterdam, Friedenstr. 91a 10249 Berlin, Gustav-Heinemann-Ufer 72a 50968 Cologne, Torvegade 29 1400 Copenhagen, Am Brauhaus 10a 01099 Dresden, Borselstraße 16 f 22765 Hamburg, Leutragraben 2-4 07743 Jena, Markgrafenstraße 2 04109 Leipzig, Diagonal Pueyrredón 2970 7600 Mar del Plata, 81 Prospect St. NY 11201 NYC, 20 Inn Street MA 01950 Newburyport, 44 rue Damrémont 75018 Paris, Delftseplein 27N 3013 AA Rotterdam, 75 E Santa Clara Street CA 95113 San Jose, Partizanski Odredi 26A/1 1000 Skopje, Krbavska 29 21000 Split, Traverse 3 3905 NL Veenendaal, Avenija Dubrovnik 10/I 10000 Zagreb, Avenida Alcalde Gómez Laguna 25 CEA Planta 9 B 50009 Zaragoza, Binzmühlestrasse 170c 8050 Zürich",https://www.deptagency.com,london@deptagency.com,"+44(0)2035141153,+1(925)8541970,+353(0)16789992,+44(0)1616974800,+31(0)880400888,+49(0)304036830,+49(0)22117733710,+4577342774,+49(0)36415594551,+49(0)4080818030,+49(0)36415594510,+49(0)36415594515,+543515697999,(925)854-1970,(925)854-1970,+33680825774,+31(0)880400888,(925)854-1970,+389(0)23225667,+385914778258,+31(0)880400877,+385914778258,+34876611099,+41445764811"
USA,Boston,Glacial Multimedia," 625 Main Street, Westbrook ME 04092",https://www.glacial.com,domains@glacial.com,2074640285
USA,New York,Boucher + Co," 121 West 27th Street, Suite 1004
New York, NY 10001",https://www.boucherco.com,info@boucherco.com,(212) 390-1402
USA,Los Angeles,SeedX," 800 Wilshire Avenue, Fl 2, Los Angeles, 90017",https://seedx.us,jacqueline@seedx.us,16464003071
USA,Atlanta,Mighty Roar," 880 Marietta Highway, Ste 630-341, Roswell, GA 30075",https://mightyroar.com,newbiz@mightyroar.com,8887722745
USA,Los Angeles,Bold+Beyond," 6363 Wilshire Blvd, #111, Los angeles CA, 90048",https://www.boldbeyond.com,bonjourla@boldbeyond.com,"+1 (424) 332 9726,+33 (0)1 46 40 75 51"
USA,New York,Hey Oxford," 55 Washington Street
Brooklyn, NY, 11201
United States",https://www.heyoxford.com,dan@heyoxford.com,9135225002
USA,"Los Angeles,Brisbane,Sydney",Deepend," 1582 Deere Ave, Suite A, Irvine CA, 92606, Level 2, 2 Hill St Surry Hills, NSW 2010, Level 19, 1 Eagle St  Brisbane, QLD 4000, 48 Kelso St  Cremorne, VIC 3121, 3rd Floor, 195 Bowery New York, NY10002",https://www.deepend.com.au,LosAngeles@deepend.us,"(949) 577 9760,(02) 8917 7900,(07) 3535 0696,(03) 8689 9860,(212) 253 1974"
USA,"Los Angeles,New York",Isadora Agency," 125 W 25th Street
New York, NY 10001, 1600 Rosecrans Ave Manhattan Beach, CA 90266 United States, 1600 Rosecrans Ave Bldg 7 4th Flr, Manhattan Beach CA 90266",https://isadoradigitalagency.com/?utm_source=DAN&utm_medium=List&utm_campaign=NY,connect@isadoradigitalagency.com,"310.560.4675, 310.560.4675,310-560-4675"
USA,"Los Angeles,New York",Ready Set Rocket," 636 Broadway, #1200
NY, NY 10012, 821 Traction Avenue, #106 Los Angeles, CA, 90013",https://readysetrocket.com,info@readysetrocket.com,"212 260 2636,213 973 7739"
USA,"Los Angeles,Washington DC",niftic," 1342 Florida Avenue NW, Washington DC, 20009, Address: 625 S. State St. #D Salt Lake City, UT 84111",https://niftic.agency,cheers@niftic.agency,"8018395537,801839-5537"
USA,Boston,Pepper Gang," 12 MARSHALL ST, BOSTON, MA 02108",https://www.peppergang.com,getintouch@peppergang.com,617.674.2100
USA,"Amsterdam,Berlin,Los Angeles",Edenspiekermann," 448 S Hill Street, Suite 1012, Los Angeles, CA 90013, 169 Joo Chiat Road, #03-01  Singapore 427729, Singapore, 30 Cove Road  Belvedere, CA 94920  USA, Potsdamer Straße 83  10785 Berlin, Germany, Barentszplein 7 II  1013 NJ Amsterdam, The Netherlands, 125 S Clark St, 17th Floor  Chicago, IL 60603  USA",https://www.edenspiekermann.com/intl,info@us.edenspiekermann.com,"+1 (323) 607-2800,+65 63‌04 32‌29,+1 415 519 5949,+49 30 212 808 0,+31 20 550 6300,+1 (312) 766-0899"
USA,"Los Angeles,San Diego,San Francisco",MaxAudience," 11601 Wilshire Blvd., 5th Floor, Los Angeles, CA 90025, 315 Montgomery St.,8th-9th Floor, San Francisco, CA 92025, 5845 Avenida Encinas, Suite #128, Carlsbad, CA 92008",https://www.maxaudience.com/?utm_source=listing&utm_medium=click&utm_campaign=dan,markm@maxaudience.com,"(844) 5672810,(844) 567-2810,(760) 543-0220"
USA,Los Angeles,Weberous," 12021 Wilshire Blvd #771 Los Angeles, CA 90025",https://www.weberous.com,info@weberous.com,213 9154483
USA,New York,Studio Simpatico," 252 W 38th St Suite 1203
New York, NY 10018",https://studiosimpati.co/?utm_source=digitalagencynetwork.com&utm_medium=listing&utm_campaign=paid_directory_listing,hello@studiosimpati.co,3476928267
USA,"Los Angeles,San Francisco",Vrrb," 1601 Vine Street, Los Angeles, CA 90028, 995 Market Street San Francisco, CA 94103",https://vrrb.com/?utm_medium=referral&utm_source=dan-la-featured,info@vrrb.com,"+1 310 777 0077,+1 628 222 5233"
USA,"New York,London,Sydney",Croud," 450 Broadway, 2nd Floor
New York, NY, 10013, Croud Inc Ltd, Trinity, 39 Tabernacle Street, London, EC2A 4AA, Croud Australia Pty Ltd, Belmont House, 26-28 Wentworth Avenue Surry Hills, NSW, 2010, Croud Inc Ltd, The Chancery, Abbey Lawn, Shrewsbury, SY2 5DE",https://croud.com,usa@croud.com,"+1-855-642-7848,+44 20 3131 4025,+61 2 8317 5928,+44 20 3131 4025"
USA,Atlanta,Edgar Allan," 1200 Foster Street, Studio B1, Atlanta, Georgia 30318",https://www.edgarallan.com,hello@edgarallan.com,404.793.7353
USA,New York,Studio 96," 32 W 39th St., 4th Floor, New York, NY 10018",https://www.studio96nyc.com,aya@studio96nyc.com,+1 347 294 4787
USA,Atlanta,Brown Bag Marketing," 3060 Peachtree RD NW Ste 2000, Atlanta, GA 30305",https://www.brownbagmarketing.com,info@brownbagmarketing.com,404-442-5650
USA,New York,DBC," 1 State St, New York, 10004, US",https://studiodbc.com,brandbuilders@studiodbc.com,+1 646.883.3220
USA,Charlotte,RiseFuel," 13850 Ballantyne Corporate Place, Suite 500, Charlotte, NC 28277",https://www.risefuel.com,tony@risefuel.com,(704)-246-4521
USA,Dallas,Advantix Digital," 14285 Midway Rd, Suite 475, Addison, TX 75001",https://advantixdigital.com,contact@advantixdigital.com,(972) 458-9050
USA,"New York,Sydney,Berlin,Copenhagen",LOOP," 119 W 24th Street
4th floor New York
NY 10011
USA, Flæsketorvet 68 1711 København Denmark, 223 Liverpool Street Darlinghurst NSW 2010 Australia, Köpenicker Straße 154 10997 Berlin Germany",https://www.agentur-loop.com,nyc@agentur-loop.com,"+1 9 292 582 025,+45 2345 1011,+61 435 2591 44,+43 662 8720310"
USA,Seattle,Connection Model," 5825 221st Place SE, Suite 208",https://www.connectionmodel.com,davidc@connectionmodel.com,2064007727
USA,Boston,Image Conscious Studios," 63 Maverick Square #9, Boston, MA 02128",https://www.icscreative.com,hello@icscreative.com,(617) 4187437
USA,New York,Crafted," 450 Lexington Avenue, 4th Fl
New York City, New York 10017",https://www.craftedny.com,hello@craftedny.com,+1 (347) 435-2269
USA,"Los Angeles,Montreal,Toronto",Social Media 55," 401 Wilshire Blvd 12th Fl, PH, Santa Monica, CA 90401, USA, 130 King St W Suite 1800, Toronto, ON M5X 1E3, Canada, 1200 Avenue McGill College #1100, Montréal, QC H3B 4G7, Canada",https://socialmedia55.com,info@socialmedia55.com,"+1 844 6334255,+1 844 6334255,+1 844 6334255"
USA,"Chicago,New York,London",Aumcore," 215 Park Ave S.
Suite 1802
New York, NY 10003
USA, 220 N Green St Chicago, IL 60607 USA, 1 Fore Street London EC2Y 9DT UK, Viale Appio Claudio, 214 Roma, Italy, Aumcore Malaysia Level 23, NU Tower 2, Jalan Tun Sambanthan, Kuala Lumpur, 50470 Malaysia",https://www.aumcore.com,newyork@aumcore.com,"(212) 776-1414,(312) 235-6334,+44 20 7384 3324,03-2727-1935"
USA,New York,Ruckus," 240 WEST 37TH STREET, 11TH FLOOR
NEW YORK, NY 10018",https://www.ruckusmarketing.com,info@ruckusmarketing.com,+1.646.564.3880
USA,"Boston,Los Angeles,Miami,New York,Philadelphia",SEO Brand," 118 West 22nd Street, Floor 12
New York, NY 10011, 811 Wilshire Blvd Suite 1700 Los Angeles, CA 90017, 40 SE 5th St. #405 Boca Raton, FL 33432, 1515 Market Street, Suite 1200 Philadelphia, PA 19102-1932, 68 Harrison Avenue Boston, MA 02111",https://www.seobrand.com,info@seobrand.net,"(347) 220-8609,323-736-5284,(561) 462-8670,267 310-2825,617-315-6301"
USA,"Los Angeles,San Diego",SiO Digital," 355 S Grand Ave, Suite 2450 LOS ANGELES, CA 90071, 3950 Sorrento Valley Blvd, Suite 500 San Diego, CA 92121",https://siodigital.com,contact@siodigital.com,"(424) 254-3813,(424) 542-1225"
USA,"Montreal,Toronto,New York",Sid Lee," 1 Place Ville Marie, 21st floor, Montreal, Quebec  H3B 2C6, 952 Queen St. W. Toronto, Ontario, M6J 1G8, 7 Paradis St. Paris, Île-de-France, 75010, 3585 Hayden Ave. Culver City, California, 90232, 625 Broadway, 2nd floor New York, New York, 10012, 1505, 5th Ave., #600 Seattle, Washington, 98101",https://sidlee.com/en,jlaporte@sidlee.com,"+1 5142822200,+1 4164214200,+33 144888390,+1 310 9551073,+1 212 7928930,+1 206 4675800"
USA,Los Angeles,Creative27," 633 W. 5th Street Fl. 26th, Los Angeles, CA 90071, 9205 West Russell Road Building 3 Suite 240 Las Vegas NV 89148, 402 W Broadway Suite 400 San Diego, CA 92101",https://creative27.com,hello@creative27.com,"3109062727,(877) 543-8883,(877) 543-8883"
USA,"Bournemouth,London,New York,San Francisco,Toronto,Amsterdam,Dubai,Beijing,Hong Kong",Crowd," Wilson House, Lorne Park Road , 2, Bournemouth, Dorset BH1 1JN, GB, 20-22 Wenlock Road, London, London N1 7GU, GB, Herengracht 420, BV, Amsterdam, North Holland 1017BZ, NL, 110 Kent Ave, Studio 3, Brooklyn, New York 11249, US, 230 Oak St, Toronto, Ontario CA, 425 2nd St Suite 100, San Francisco, CA 94107, US, A1-07 Empire Heights, Podium Level, Dubai, UAE 124584, AE, CONTACT CROWD BEIJING  Xin Jiang House 7 San Li He Road Hai Dian District Beijing China, Wetland National Park West Lake Yu Hang District Hangzhou City Zhejiang Province China, Si Lian Smart House Technology Er Road High-tech Zone Xi’an City Shanxi Province China, Room 305 Building F New Generation Technological and Industrial Park No. 139 Chuangye 2 road Xin'an avenue Bao'an district Shenzhen city Guangdong province China, No. 34, Bo Tiao West Road, Du Jiang Yan, Sichuan",https://thisiscrowd.com/?utm_medium=DAN&utm_source=Digital_Agency_Network&utm_campaign=New_Account,results@thisiscrowd.com,"+44 (0) 1202 529 743,+44 (0) 1202 529 743,+31 (0) 20 2101611,+1 (855) 270-3270,+1 (855) 270-3270,+971 (0) 4 436 5698,+86 185 2086 1259,+86 185 2086 1259,+86 185 2086 1259,+86 185 2086 1259,+86 185 2086 1259"
USA,"New York,Philadelphia",NuStream," 1700 Market St. #1005
Philadelphia, PA 19103
United States, 609 Hamilton St. Suite 203 Allentown, PA 18101 United States, 369 Lexington Ave 3rd Floor, Suite 351 New York City, NY 10017 United States",https://nustreammarketing.com/digital-marketing-agency-new-york-city,info@nustreammedia.com,"610.432.2600, 610-432-2600, 646-979-7217"
USA,"Los Angeles,Toronto,Vancouver",Idea Rebel," 1424-1223 Wilshire Blvd, Santa Monica, CA 90403, 501 Queen Street West Toronto, ON M5V 2B4, 113 Water Street Vancouver, BC V6B 1A7",https://www.idearebel.com,hello@idearebel.com,"(424) 4002155,(647) 748-2155,(604) 569-2155"
USA,"New York,San Francisco,Vancouver",BSTRO," 1460 Broadway  New York, NY 10036, 655 Montgomery St,  San Francisco, CA 94111, 560 Beatty St, Suite 201  Vancouver, BC V6B 2L3",https://bstro.com,info@bstro.com,"646.453.7134,415.861.2222,604.568.8555"
USA,Cleveland,Point To Point," 23240 Chagrin Blvd. Suite 200 Beachwood, OH 44122",https://www.pointtopoint.com,info@pointtopoint.com,216 8314421
USA,Charlotte,Kashmer Interactive," 1171 Market Street, Suite 213 Fort Mill, SC 29708",https://kashmerinteractive.com,services@kashmerinteractive.com,7049811010
USA,"New York,San Francisco,London",Momentum Design Lab," 85 Broad Street, 27th FL
New York, NY 10004, 400 Concar Drive San Mateo, CA 94402, 1 Fore Street, 6th FL London EC2Y 9DT, Varsovia 36 Juárez 06600 Ciudad de México",https://momentumdesignlab.com/?utm_source=digitalagencynetwork.com&utm_campaign=Digital%20Agency%20Network%20-%20New%20York%20City&utm_medium=Listing,hello@momentumdesignlab.com,"+1 917 503 9720,+1 650 452 6290,+44 20 3818 5916 ,+52 55 4163 6095"
USA,New York,Avex," 85 Broad Street, New York, NY 10004",https://avexdesigns.com,info@avexdesigns.com,646-982-1574
USA,Los Angeles,Rareview," 4590 MacArthur Blvd. Newport Beach, CA 92660",https://rareview.com,hello@rareview.com,949-393-0043
USA,New York,Faction Studio," 68 Jay St, Suite 201
Brooklyn, NY 11201
United States",https://www.factionstudio.com/?utm_source=digitalag,hello@factionstudio.com,646-668-6208
USA,Los Angeles,Use All Five," 4223 Glencoe Ave. Ste A220, Marina del Rey, CA 90292",https://useallfive.com,hello@useallfive.com,3102705569
USA,"Miami,New York,Milan",Digital Silk," 78 SW 7th Street, Miami, FL 33130, 18 West 18th Street New York, NY 10011, Via Meravigli, 2 Milano MI 20213",https://www.digitalsilk.com/?utm_source=digital_agency_network&utm_medium=referral&utm_campaign=digital_agency_network&utm_term=miami_agencies,info@digtialsilk.com,"(800) 856-5417,(800) 856-5417,(800) 856-5417"
USA,"Los Angeles,New York,Washington DC",Lounge Lizard Worldwide," 112 West 34th Street, 18th Floor, New York, NY 10120, 100 Glendon Avenue 17th Floor Los Angeles, CA 90024, 1101 Connecticut Avenue NW Suite 450 Washington, DC 20036",https://www.loungelizard.com,info@loungelizard.com,"1-646-661-7828,1-530-334-5677,: 1-202-900-8859"
USA,Atlanta,Cardinal Digital Marketing," 1720 Peachtree Street, Suite 1000, Atlanta, GA 30309",https://www.cardinaldigitalmarketing.com,info@cardinalwebsolutions.com,(404) 5852096
USA,"New York,Vancouver",Engine Digital," 100 Crosby St. #403
New York, NY 10012 USA, 34 W 8th Ave Vancouver, BC V5Y 1M7",https://enginedigital.com,newyork@enginedigital.com,"212.256.1115,604.684.3330"
USA,New York,Huemor," 500 7th Avenue, 12th Floor
New York, NY 10018
United States, 6401 Penn Ave, STE 209 Pittsburgh, PA 15206",https://huemor.rocks,sayhi@huemor.rocks, (631) 393-6116
USA,Atlanta,Narwhal Digital," 644 Antone Street Suite 7 Atlanta, GA 30318",https://narwhal.digital/?utm_source=DigitalAgencyNetwork&utm_medium=Listing&utm_campaign=Atlanta%20Digital%20Agency%20Listing,info@narwhal.digital,770-365-8448
USA,New York,Radish Lab," 304 Boerum St.
Suite 42
Brooklyn
New York 11206, Ansbacher Str. 52, 10777 Berlin, Germany",https://radishlab.com,hello@radishlab.com,"+1-347-294-4787,+49 (0)30 55 51 38 14"
USA,New York,Path Interactive," 915 Broadway, Suite 501
New York, NY 10010, 414 Union St. Suite 1900 Nashville, TN 37219",https://www.pathinteractive.com/?utm_source=digital-agency-network&utm_medium=online%20directory&utm_campaign=agency-profile-page&utm_content=path-agency-overview,info@pathinteractive.com,(212) 661-8969
USA,New York,Inovāt," 106 W 32nd Street , 2nd Floor
New York, NY 10001
United States, 307 W. High Street Elizabethtown, PA 17022",https://www.inovat.com,hello@inovat.com,"646.880.3632,717.367.5446"
USA,"New York,Philadelphia",[ 2 one 5 ] Creative," 315 W 36TH ST.  NEW YORK, NY 10019, 230 NORTH 2ND ST. SUITE 2B  PHILADELPHIA, PA 19106",https://2one5.com,general@2one5.com,"646-820-3326,+215-592-7151"
USA,"Birmingham,Bristol,Leeds,Liverpool,London,Manchester,Newcastle,Nottingham,Boston,Los Angeles,New York,Philadelphia,San Francisco,Washington DC",Mayple," 15 Bishopsgate London EC2N 3AR, 34th st. 45 east, New York (5th floor)",https://link.mayple.com/dan,mayplers@mayple.com,"+44 2080893885,+1 917 9055909"
USA,Los Angeles,Wildebeest," 1 Bora Bora Way, Marina del Rey, CA 90292",https://wildebee.st,ran@wildebee.st,4246457552
USA,"London,Newcastle,Boston",hedgehog lab," Albert House, 256-260 Old Street, London, EC1V 9DD, Generator Studios, Trafalgar Street, Newcastle Upon Tyne, NE1 2LA., 15th Floor, 50 Milk Street, Boston, MA, 02109.",https://www.hedgehoglab.com/?utm_medium=referal&utm_source=https://digitalagencynetwork.com/agencies/london/&utm_campaign=london,info@hedgehoglab.com,"+44 0808 164 7919,+44 0808 164 7919,+1 20617-806-6434"
USA,"New York,Seattle",Rainfall," 2815 Elliott Avenue, Suite 100, Seattle, WA 98121, 25 Broadway, 5th Floor, New York, New York 10004, US",https://rainfall.co,hello@rainfall.co,646-801-8531
USA,New York,Austin Williams," 80 Arkay Drive, Suite 220
Hauppauge, NY 11788, New York Conference Center (4A's), 405 Lexington Avenue, 18th Floor, New York, NY 10174, US, 1764 County Road 39, Southampton, NY 11968, US",http://bit.ly/DanAustinWilliams,info@austinwilliams.com,877-386-6035
USA,Boston,Getfused," 285 Summer Street, Suite 100, Boston, MA 02210",https://www.getfused.com,sales@getfused.com,6175002606
USA,"Chicago,New York,London",The Charles," 401 Broadway, Suite 601 New York, NY 10013, THE CHARLES CHICAGO 222 S. Riverside Plaza, Suite 1500 Chicago, IL 60606, THE CHARLES LONDON 1 Mercer Street London, UK WC2H 9QJ",https://thecharlesnyc.com/?utm_source=dan&utm_medium=list_agency&utm_campaign=agency_pro,info@thecharlesnyc.com,"212.226.8929,-,+44 (0) 203.675.7721"
USA,"Seattle,Washington DC",Forum One," 2101 4th Ave, Suite 2000, Seattle, WA 98121, 1110 Vermont Ave NW Suite 500 Washington, DC 20005",https://www.forumone.com,info@forumone.com,"7035481855,7035481855"
USA,Miami,Screen Media Group," 1835 NE Miami Gardens Drive, Suite, 299, North Miami Beach, FL 33179, Final Av. Principal de Boleíta Norte, Caracas, Venezuela",https://screenmediagroup.com/eng/,usa@screenmediagroup.com,"+1 (786) 2639987,+58 (212) 2388833"
USA,New York,JUICE," 11 Harrison St. 2nd Floor, New York, NY 10013",https://www.thinkjuice.com,hello@thinkjuice.com,(212) 688-3683
USA,"New York,Toronto,Vancouver",Major Tom," 331 Park Avenue South 5th Floor, New York, NY 10010, 801 - 317 Adelaide St W, Toronto ON, M5V 1P9, 548 Beatty Street, Vancouver, BC, V6B 2L3",https://hubs.ly/H0f41bk0,ny@majortom.com,"+1 (646) 713-0730,+1 (647) 953-0313,+1 (604) 262-9516"
USA,"Dallas,Los Angeles,New York",WEBITMD," 115 W 18th St, 2nd Floor,
New York, NY 10​011, 3685 Motor Ave. Suite 100, Los Angeles, CA 90034, 1920 McKinney Ave, 7th Floor, Dallas, TX 75201",https://webitmd.com/?utm_source=DAN&utm_medium=referral&utm_campaign=2020,hello@webitmd.com,"+16468468997,+13107366871,+14695359363"
USA,Dallas,Imaginuity," 1601 Bryan St., Suite 4500,Dallas, Texas 75201",https://www.imaginuity.com,info@imaginuity.com,214-572-3900
USA,New York,"MAXBURST, Inc."," 205 East 42nd Street, 20th Floor
New York, NY 10017, 565 Broadhollow Road Suite 12e Farmingdale, NY 11735",https://www.maxburst.com,design@maxburst.com,"212.651.1879,631.293.9100"
USA,"New York,Birmingham,London",Propeller," 37 West 20th Street
10th Floor # 1004
New York
NY 10011, 33 Great Queen Street Covent Garden London WC2B 5AA",https://goo.gl/SmpvnM,info@propellernewyork.com,"+1 646 931-0430,+44 20 7836 2736"
USA,Charlotte,Upright Digital Agency," 809 West Hill St, suite C-5, Charlotte, Nc 28208",https://upright.agency,contact@upright.agency,704.912.4710
USA,New York,Flightpath," 36 West 25th Street, 8th Floor
New York, NY 10010",https://www.flightpath.com/?utm_source=digitalagencynetwork.com&utm_medium=referral&utm_campaign=agency_profile,,(212) 674-5600
USA,Cleveland,Cleveland Marketing King," Cleveland Marketing King, 3100 E. 45th Street, Suite 428 Cleveland, OH 44127",https://clevelandmarketingking.com,info@clevelandmarketingking.com,(216) 3939422
USA,"Charlotte,Detroit,Shanghai",OneMagnify," 777 Woodward Avenue ,Suite 500, Detroit, Michigan 48226, 300 West Summit Avenue • Suite 300 Charlotte, NC 28203, 322 A Street Wilmington, DE 19801, Shanghai Information Tower 211 Century Avenue, Pudong Shanghai, China 200120, Richmondstrasse 6, #414 50667 Cologne Germany, ICON Centre, 2nd Floor, New # 129, Nelson Manickam Road, Nungambakkam, Chennai - 600029 Tamil Nadu, India",https://onemagnify.com,sfarr@onemagnify.com,"313.965.3000,704.887.5600,302.427.8544,+86 21 2032 2431,+49 (0) 221 92042240,+91 044 42124812"
USA,Houston,Decode Digital," 3815 Montrose Blvd #210, Houston, Texas 77006",https://decodedigital.co,hello@decodedigital.co,7133528440
USA,"San Francisco,London",Digital Uncut," 225 Shoreditch High Street London E1 6PJ, 981 Mission Street #12, San Francisco, CA, 94103",https://digitaluncut.com,info@digitaluncut.com,"+44 203 637 8171,+1 8448358163"
USA,San Diego,Ignite Visibility," 444 West Beech St. Fourth Floor San Diego, CA 92101",https://ignitevisibility.com,john@ignitevisibility.com,(619) 2958232
USA,San Francisco,Punchcut," 150 California St. 9th Floor, San Francisco, CA 94111",https://www.punchcut.com,business@punchcut.com,415 4458855
USA,Portland,Mad Fish Digital," 1305 NW 18th St. Portland, Oregon 97209",https://www.madfishdigital.com/?utm_source=DigitalAgencyNetwork&utm_medium=referral&utm_campaign=alpha,team@madfishdigital.com,5039355222
USA,Washington DC,WebMechanix," 8621 Robert Fulton Dr #110, Columbia, MD 21046",https://www.webmechanix.com,win@webmechanix.com,(443) 927-7195 
USA,Philadelphia,Udonis," 2035 Sunset Lk. Road,
Newark, Delaware 19702",https://udonis.co,hello@udonis.co,13025258221
USA,San Diego,LESS+MORE," 2869 Historic Decatur Road, San Diego, CA 92106",https://lessandmore.com,studio@lessandmore.com,619 341 9239
USA,Portland,Jute Creative, 5229 NE Martin Luther King Jr. Blvd. Ste 101,https://www.jutecreative.com,info@jutecreative.com,5032064171
USA,Washington DC,nclud," 1348 Florida Ave NW Washington, DC 20009",https://nclud.com,hello@nclud.com,202 6848984
USA,Philadelphia,Key Medium," 100 S. Juniper Street Floor 3 #418 Philadelphia, PA 19107",https://keymedium.com,info@keymedium.com,215 3020280
USA,Cincinnati,Orchard," 1110 Main Street Suite 200 Cincinnati, OH 45202",https://growatorchard.com,info@growatorchard.com,5133815555
USA,Columbus,The Media Captain," 294 East Long Street, 3rd Floor, Columbus, OH 43215",https://www.themediacaptain.com,info@themediacaptain.com,(614) 5649313
USA,Detroit,Skidmore Studio," 1555 Broadway, 4th Floor, Detroit, MI 48226",https://www.skidmorestudio.com,hi@skidmorestudio.com,(313) 4468200
USA,Portland,SingleMind," 340 Oswego Pointe Drive, Suite 205",https://www.singlemindconsulting.com/?utm_source=DAN&utm_medium=Portland%20Agencies,hello@singlemindconsulting.com,8669974239
USA,Cincinnati,Creative Department," 1132 Main Street Cincinnati, OH 45202",https://www.creativedepartment.com,info@creativedepartment.com,5136512901
USA,Washington DC,Dragonfly," 3000 Chestnut Ave. Suite 100D Baltimore, MD 21211",https://dragonflydm.com,info@dragonflydm.com,(800) 6360347
USA,Philadelphia,1Digital Agency," 20 N 3rd Street, Suite 301 (DANIEL BLDG), Philadelphia, PA 19106, 465 rue Saint-Jean Suite 702 7th Floor, Old Montreal H2X 2R6 (Quebec)",https://www.1digitalagency.com,info@1digitalagency.com,"888. 982. 8269,888. 982. 8269"
USA,Detroit,SSDM," 850 Stephenson Hwy., Suite 700, Troy MI 48083",https://ssdm.co,media@ssdigitalmedia.com,+1 3133073154
USA,Portland,Digital C4," 4804 NW Bethany Blvd, STE i2140, Portland, OR 97229",https://www.digitalc4.com,marketing@digitalc4.com,5033518995
USA,"Chicago,Portland",Solid Digital," 100 N LaSalle St. Suite 1400, Chicago, IL 60606, 200 SW Market St. Suite 975 Portland, OR 97201",https://www.soliddigital.com,hello@soliddigital.com,"8778999981,8778999981"
USA,Washington DC,Grafik," 625 North Washington Street, Suite 302, Alexandria, VA 22314",https://grafik.agency,clara@grafik.com,7032994500
USA,San Francisco,KNI," 720 York St. #103 San Francisco, CA",https://www.kurtnoble.com/?utm_source=digitalagencynetwork,newbusiness@kurtnoble.com,(415) 3596804
USA,San Francisco,BAUNFIRE," 75 E Santa Clara St, Ste 1425 San Jose, California 95113",https://www.baunfire.com,hello@baunfire.com,(408) 899-8998
USA,San Francisco,Boldium," 1331 7th St, Unit F. Berkeley, CA 94710",https://boldium.com,hello@boldium.com,5109625559
USA,San Francisco,Tacpoint," 577 Airport Blvd, Suite 450, San Francisco",http://www.tacpoint.com,hello@tacpoint.com,+1 650 5773140
USA,San Francisco,Clay," 300 Broadway #23, San Francisco, CA 94133",https://clay.global,hello@clay.global,+1 4157966262
